"user_id,username,first_interaction"
"7341992709,JitoXai,2024-11-14 13:36:04"
"1619873922,ra03030303,2024-11-14 15:27:33"
"6328208214,vshredded,2024-11-14 15:28:49"
"1356665774,earn99profits,2024-11-14 18:35:31"
"5935896313,mokkerz,2024-11-14 21:36:13"
"1723914327,FUNDtheCRYPT,2024-11-15 00:17:42"
"1595968300,Unknown,2024-11-15 00:53:18"
"1919468273,leno20001,2024-11-15 03:10:28"
"2106351328,Unknown,2024-11-15 17:22:44"
"1239184715,MZSaleemi,2024-11-15 17:30:39"
"7111279981,Unknown,2024-11-15 20:52:08"
"7913421332,lustandpower,2024-11-15 21:00:03"
"5446743494,gpt_dex,2024-11-15 23:50:06"
"791798553,complicated0x,2024-11-16 00:23:53"
"1367887385,zonulaa,2024-11-16 12:28:49"
"1453668810,solanaplomi,2024-11-16 13:22:43"
"6121926890,Panda_ads,2024-11-16 22:56:05"
"5955841738,DAVERICHARDx,2024-11-17 15:00:18"
"7425490419,Unknown,2024-11-17 15:32:23"
"1170700675,Unknown,2024-11-17 19:27:16"
"5982151385,Unknown,2024-11-17 21:20:26"
"6596374205,Astral670,2024-11-18 00:07:12"
"6060601617,hassanjutt1122,2024-11-18 03:08:20"
"7893691521,kofjbac,2024-11-18 04:25:03"
"7073863408,Unknown,2024-11-18 06:38:28"
"6651142094,pixel_prophet_316,2024-11-18 07:37:56"
"2039624526,Jaiosanch,2024-11-19 12:56:02"
"6249315075,yungnigga420,2024-11-19 14:54:27"
"7575704383,Onlinebob1,2024-11-19 21:57:08"
"295118375,Ian_Ant_Fitch,2024-11-20 05:36:45"
"1683283835,johntakers,2024-11-20 09:42:24"
"6546785286,imsaadofficial3,2024-11-20 17:11:00"
"25099315,JaylynRoman,2024-11-20 20:41:15"
"6887993562,otoslost,2024-11-21 06:10:16"
"277995167,icedlife,2024-11-21 10:33:09"
"598791903,warrenbudgetshi,2024-11-21 11:38:30"
"6781244831,APEXLIFE101,2024-11-21 14:53:22"
"1241508038,Jetunited,2024-11-21 21:46:57"
"5576801529,zekee00,2024-11-22 00:56:01"
"7025997869,adamsand,2024-11-22 07:59:37"
"356641716,myllync,2024-11-22 11:57:15"
"6063946894,n2deerp,2024-11-22 14:55:24"
"356067008,aLcaTr4z,2024-11-22 15:47:56"
"6476882328,EmmaSGF,2024-11-22 22:24:25"
"1861854933,Senior_Dev1,2024-11-23 05:54:50"
"2125533117,diopyou,2024-11-23 08:20:24"
"6150443009,Mominfx8,2024-11-23 08:32:31"
"6868788861,Watermeloen18,2024-11-23 09:51:07"
"7027638344,Spartan_Vas,2024-11-23 13:21:31"
"5106673765,massi30170,2024-11-23 15:23:51"
"6764816115,Robertbrently,2024-11-23 21:53:15"
"8148711694,Grievance0,2024-11-24 05:57:21"
"1095330066,tinhthucdi,2024-11-24 05:59:35"
"5049476897,Unknown,2024-11-24 07:38:03"
"1773349945,DaddyDuck333,2024-11-24 08:27:45"
"6506149403,sevenmayyy,2024-11-24 13:51:32"
"1421165408,martins_fr,2024-11-24 20:08:56"
"804583567,notme,2024-11-24 20:31:40"
"835955299,kenkaneki_03,2024-11-25 01:34:06"
"6699649792,Bbchanal1,2024-11-25 10:37:05"
"1074253354,Saadkab,2024-11-25 11:42:01"
"6106768292,Elonsdogbypopo,2024-11-25 14:58:50"
"5480347468,simonsays_sol,2024-11-25 18:05:22"
"1284777877,synterror,2024-11-25 21:11:50"
"330978159,punisher202020,2024-11-26 00:18:02"
"7537030840,dyujjji,2024-11-26 00:19:21"
"5851803997,thewizkid23,2024-11-26 11:28:00"
"6313191148,leafninjaz,2024-11-26 13:14:58"
"5390131722,Difitdi,2024-11-26 19:03:52"
"1671586057,yohkeday,2024-11-26 23:45:06"
"5720857056,WolfgangOnWaves,2024-11-27 00:00:25"
"7403390955,JUSTMARKETS10,2024-11-27 05:50:11"
"5173619873,aglirscr,2024-11-27 06:07:24"
"7472520337,Soumya166,2024-11-27 06:14:16"
"6353192075,houssbatte,2024-11-27 15:18:35"
"8011889900,nishchal0073,2024-11-27 18:21:53"
"5504592313,Dan8567,2024-11-27 19:55:55"
"1901812494,Unknown,2024-11-28 04:39:26"
"522917351,vikylll_wrq,2024-11-28 04:57:23"
"7132257990,nyanyaxixi,2024-11-28 05:56:08"
"928300160,Nightcrypto666,2024-11-28 11:03:10"
"5431615114,StSams,2024-11-28 14:13:02"
"7238861262,Unknown,2024-11-28 14:40:22"
"7541345216,burrrddd,2024-11-28 19:25:05"
"5284041262,slavamarketingteam,2024-11-29 01:41:00"
"7801368356,Unknown,2024-11-29 03:12:17"
"1675106709,the_space_ninja,2024-11-29 08:58:57"
"6696773163,Unknown,2024-11-29 10:23:49"
"7317235784,Unknown,2024-11-29 15:32:01"
"7797569078,Negociosyeducacion,2024-11-29 17:40:54"
"6410692316,OxCarlo,2024-11-30 00:59:58"
"7877696708,narco995,2024-11-30 01:04:31"
"7727866637,Estebanjaramillod86,2024-11-30 08:13:06"
"7488036235,Unknown,2024-11-30 14:26:47"
"5712305365,hanypot,2024-12-01 17:08:12"
"213858367,RS6BW,2024-12-01 20:20:23"
"613528113,zahaprost,2024-12-01 20:31:27"
"5323983538,Apriyanto2604,2024-12-01 23:32:29"
"7325010711,niniyyy1,2024-12-02 00:57:22"
"6161490183,Elroidegreat,2024-12-02 04:37:45"
"6381094381,Unknown,2024-12-02 06:17:35"
"7814726675,Unknown,2024-12-02 07:48:39"
"1677205698,Unknown,2024-12-03 09:20:54"
"6137597501,hamzafb1,2024-12-03 11:55:18"
"5487708537,Unknown,2024-12-03 21:39:34"
"7227829194,Crypto_punk23,2024-12-04 05:59:37"
"1859812399,iamfernandaherlambang,2024-12-04 07:58:57"
"1859124297,Vegeta_alpha,2024-12-04 15:22:59"
"1809464770,kambiz09,2024-12-05 01:10:37"
"1958707560,jaaan_1,2024-12-05 08:33:46"
"5994056916,Unknown,2024-12-05 14:01:06"
"6474710887,misspig,2024-12-05 19:17:23"
"444660918,bogdanf1999,2024-12-05 21:25:43"
"609045534,WhiteCrowCrypto,2024-12-06 00:31:31"
"1318241154,khameleon3,2024-12-06 03:30:28"
"7290763060,elcomision,2024-12-06 04:26:37"
"7800889736,Unknown,2024-12-06 06:26:57"
"5915247880,Mrwenk93,2024-12-06 06:48:56"
"826754830,SallyPicks,2024-12-06 11:40:16"
"1762586494,Uttamji74,2024-12-06 11:58:09"
"6969525065,Unknown,2024-12-06 13:22:26"
"7120911109,HabibiWeb3,2024-12-06 16:23:40"
"5297380378,Notqasim,2024-12-06 19:23:40"
"1666091712,Gilan629,2024-12-07 00:57:06"
"1502297835,Cordial_Trader,2024-12-07 06:24:20"
"1672027206,dr_jojo333,2024-12-07 12:41:15"
"1360946785,Imfaraz_ali,2024-12-07 13:27:44"
"386699811,Nightlight666,2024-12-07 16:30:14"
"5862235207,embi403,2024-12-07 17:12:32"
"6534325402,Alimalaye,2024-12-07 17:36:10"
"1237443966,andyw_smithalt,2024-12-07 17:49:42"
"7089643601,Unknown,2024-12-07 19:03:00"
"6131645355,Unknown,2024-12-07 20:19:09"
"5996895544,Punchgodvaughn,2024-12-07 20:21:06"
"6508531805,Farhanwirawan12029,2024-12-07 21:06:03"
"889550398,ScottM123,2024-12-07 21:06:12"
"6019835765,Unknown,2024-12-07 21:08:34"
"7184174442,Unknown,2024-12-07 22:14:04"
"7418209013,logineater,2024-12-07 22:26:39"
"7913830111,cloudy1337,2024-12-07 22:32:51"
"7275246827,jakee88,2024-12-07 22:57:07"
"6313493985,Philxtrader2024,2024-12-07 23:33:17"
"8105904046,Na11aaaaaa,2024-12-08 00:25:23"
"1174414363,uncrownedcat,2024-12-08 04:35:34"
"1385238133,Jiro1988,2024-12-08 05:22:08"
"1444188490,Madara_ZyZ,2024-12-08 06:36:56"
"7543569711,Eagle_Coin_V12_Zzzz,2024-12-08 07:52:34"
"6814235357,UNHOLY_70,2024-12-08 08:28:42"
"6313598345,issanchik,2024-12-08 09:02:16"
"6264953514,babhshahahs,2024-12-08 11:16:27"
"6619172818,Unknown,2024-12-08 12:39:47"
"7428260014,Unknown,2024-12-08 12:58:14"
"1217424691,traiond,2024-12-08 15:28:36"
"1789587082,shrutikumari1207,2024-12-08 15:46:23"
"5582838246,Pedha444,2024-12-08 17:44:00"
"6333260706,iamcoinaxis,2024-12-08 20:16:21"
"6941708716,dynamiscrypto,2024-12-08 20:24:51"
"5436134947,Izzeldeen_zorba,2024-12-08 20:53:38"
"5655632551,frnagsna,2024-12-08 21:26:57"
"7516766930,iceman777777777,2024-12-08 21:51:03"
"5926569670,Sith_Cryptor,2024-12-08 22:22:16"
"840219437,Localittech,2024-12-08 22:54:42"
"6351843709,Unknown,2024-12-09 00:19:07"
"6578196636,pizzetta5,2024-12-09 02:16:14"
"518188426,s0u1y,2024-12-09 09:28:08"
"5678218797,xmunch,2024-12-09 09:29:50"
"7391910060,hafson_jr12345,2024-12-09 09:47:32"
"8197072200,johnpryzm,2024-12-09 10:11:50"
"7593331759,carlboris,2024-12-09 10:12:27"
"7013987076,CoolFknGuy,2024-12-09 10:56:17"
"5315692952,LILE_42,2024-12-09 15:15:55"
"1232080902,sigmamale48,2024-12-09 16:25:24"
"6385244548,Toxl51,2024-12-09 18:25:37"
"6787483009,KostiksOK,2024-12-09 19:02:56"
"2049296046,Blinks109,2024-12-09 20:17:01"
"5312553521,Dhakkanuts,2024-12-09 20:28:46"
"7231544946,masterlmind,2024-12-10 01:17:52"
"1450443165,gojosatoru074,2024-12-10 01:48:00"
"568357196,hypeitsme,2024-12-10 03:19:13"
"6426235723,aliceianaa,2024-12-10 04:10:13"
"7500269522,xRuffnex,2024-12-10 10:11:55"
"6159820288,StruckGuide8154,2024-12-10 11:53:32"
"5670801660,Unknown,2024-12-10 13:40:14"
"1484785802,lisyan1,2024-12-10 16:38:53"
"6446109175,BishirHaruna0907,2024-12-10 17:28:14"
"1799986055,cryptolegendlife,2024-12-10 18:23:56"
"7320149680,Senex7777,2024-12-10 19:34:25"
"26786501,Pueyo10,2024-12-10 22:31:13"
"1263641859,zzuperr,2024-12-10 23:09:34"
"1089279019,am0rphos,2024-12-11 03:04:08"
"1204747215,hazardedop,2024-12-11 05:28:05"
"6711264290,OmagaSaez,2024-12-11 05:33:57"
"6335173367,Unknown,2024-12-11 05:56:22"
"852156180,saschaaaar,2024-12-11 06:06:43"
"6029808662,Unknown,2024-12-11 06:08:24"
"1415626946,HenryDaDunce,2024-12-11 07:46:18"
"5615961071,HilmiTsaqib,2024-12-11 14:20:29"
"1774967899,Vinodbairwa96,2024-12-11 17:46:48"
"7033726699,PrsperPeter,2024-12-11 20:44:54"
"1387344127,mcecom,2024-12-12 00:31:46"
"7793345476,Unknown,2024-12-12 08:51:31"
"5910499505,Araratil,2024-12-12 08:51:31"
"1637382345,PlutonianWannabe,2024-12-12 09:20:11"
"1296427267,sjolayinkah,2024-12-12 10:08:02"
"1088830038,Unknown,2024-12-12 10:26:03"
"7087051442,roy_mou,2024-12-12 10:31:41"
"7274014705,patriive,2024-12-12 10:59:10"
"6813586489,Unknown,2024-12-12 16:56:17"
"663595803,Xerxes247,2024-12-12 17:27:19"
"1248191458,Voidthechad,2024-12-12 17:37:57"
"5533704605,licenso,2024-12-12 22:01:32"
"1656905438,JerzyWins,2024-12-12 23:14:28"
"7248930468,Fahadqwert,2024-12-13 00:52:47"
"1451720620,MAGNIFYCENT001,2024-12-13 06:17:10"
"1890050407,ateme1,2024-12-13 10:40:35"
"6627021878,digyfr,2024-12-13 11:15:20"
"5978723537,everythingaius,2024-12-13 11:52:52"
"8083753589,sol_diamondhands,2024-12-13 14:47:30"
"6083265775,aza06H,2024-12-13 18:04:50"
"7127378591,ewhorelegend,2024-12-13 18:33:49"
"7944927905,mzeast,2024-12-13 19:04:15"
"2044871640,Fizz267,2024-12-13 21:24:35"
"1335585346,finesso05,2024-12-13 23:46:59"
"7098615095,aidensolana,2024-12-14 05:33:21"
"5949054291,Unknown,2024-12-14 14:16:22"
"7294635367,khalilchaoui99,2024-12-14 17:06:06"
"6675371946,Unknown,2024-12-14 18:11:43"
"6842255409,Unknown,2024-12-14 22:14:30"
"6091162437,smiles7v,2024-12-15 11:58:04"
"698801492,Alternativez,2024-12-15 12:28:20"
"7726686977,Finwork13,2024-12-15 16:50:08"
"5236038070,Unknown,2024-12-15 18:58:19"
"1532296087,Kitjrr,2024-12-16 01:36:50"
"700903317,MuhdRedzuan2,2024-12-16 11:58:32"
"7426517430,WTTBmJRIzaln,2024-12-16 14:42:31"
"6090924725,PromoMobilmurah,2024-12-16 16:25:46"
"351094512,thehorizoner,2024-12-16 19:04:18"
"807820004,Unknown,2024-12-16 22:01:25"
"7725106267,Unknown,2024-12-17 01:12:46"
"1626525219,The_Un_Known_s,2024-12-17 03:39:43"
"8099802385,Unknown,2024-12-17 03:50:26"
"5111358903,jxtff,2024-12-17 06:09:49"
"7411341906,Biolab123,2024-12-17 06:53:41"
"6478361994,Unknown,2024-12-17 08:19:41"
"6759136859,EllMitchh,2024-12-17 09:53:28"
"7321859885,jitowtf,2024-12-17 13:46:13"
"7941118639,Lokkuyi1,2024-12-17 13:49:26"
"5899834545,RomanRv02,2024-12-17 15:46:26"
"935910664,socialhalis_1,2024-12-17 16:56:57"
"959544674,doubleblackss,2024-12-17 16:59:41"
"8184412257,KoinSavvy,2024-12-17 17:11:13"
"7011017623,zwzwzwzwzwo,2024-12-17 18:17:49"
"905008028,Husni66,2024-12-17 20:38:14"
"466463498,uz1_4gain,2024-12-17 20:44:28"
"7310648536,EMOKEMO,2024-12-17 22:38:08"
"6409075407,qingqing1014,2024-12-18 04:41:11"
"7691585800,kd9x0,2024-12-18 08:18:37"
"5432706153,Unknown,2024-12-18 09:49:25"
"7720253475,Jajshill,2024-12-18 11:05:37"
"728274701,Avrora241281,2024-12-18 11:26:23"
"1076923172,Quickley_mo,2024-12-18 15:20:48"
"7156927705,Unknown,2024-12-18 17:14:29"
"1004114405,Nozvertu,2024-12-18 17:20:09"
"7272830205,Unknown,2024-12-18 18:25:25"
"1196080007,IbehChisomCharles,2024-12-18 19:28:36"
"1095363783,ZhangChi_agc,2024-12-18 19:44:54"
"7633706438,Unknown,2024-12-18 21:59:30"
"7341992709,JitoXai,2024-12-19 00:03:27"
"7631426808,TheLastHope666,2024-12-19 02:25:44"
"7904317400,Dvsmind,2024-12-19 03:22:00"
"85343574,QuantumSorcererr,2024-12-19 04:26:40"
"6149901526,laser_machine_eth,2024-12-19 04:34:34"
"1147397612,semoussa,2024-12-19 05:20:24"
"6279581729,Surgery_Boi,2024-12-19 12:09:21"
"7182866945,Unknown,2024-12-19 13:36:52"
"7385188191,whatasendor,2024-12-19 16:55:22"
"7337930668,Unknown,2024-12-19 19:02:11"
"1754724034,not_abood_13,2024-12-19 20:57:57"
"5915883160,Lk000Lk,2024-12-19 21:42:03"
"568357196,hypeitsme,2024-12-20 00:22:48"
"1536517296,Professor_X23,2024-12-20 04:57:52"
"1711166617,LGunsAUS,2024-12-20 09:00:28"
"5239312955,ininininu,2024-12-20 09:56:40"
"5263460826,mahmutnurettins,2024-12-20 14:55:18"
"5530512749,tukangsuluh,2024-12-20 15:26:34"
"7593331759,carlboris,2024-12-20 22:48:43"
"5828973576,nowaynofomo,2024-12-20 23:03:02"
"6656973450,h3zik_tg,2024-12-20 23:03:12"
"5731675192,valentinoconsult,2024-12-20 23:32:59"
"7890016182,neclz,2024-12-20 23:33:48"
"399945034,brassato,2024-12-21 00:17:26"
"884778747,BorizTheBulletDodger,2024-12-21 06:21:39"
"1253546213,FAStudioOwn,2024-12-21 13:14:39"
"5134103553,Unknown,2024-12-21 14:15:44"
"6484987897,PrePre221,2024-12-21 15:13:56"
"675344103,tieens_9x,2024-12-21 16:28:35"
"1626525219,The_Un_Known_s,2024-12-21 18:51:24"
"6971219334,Stafkaas,2024-12-21 20:57:09"
"1843811505,Ozymandias420,2024-12-21 22:00:33"
"426646195,wanpojie,2024-12-21 22:02:49"
"968316537,Unknown,2024-12-21 22:29:26"
"7063867870,dipadeedoodah,2024-12-22 02:33:34"
"7187231051,BioCrypTech,2024-12-22 03:01:18"
"1350165139,CryptoResearchAI,2024-12-22 05:54:00"
"1539080091,josechecheno,2024-12-22 05:55:40"
"6725005537,Unknown,2024-12-22 12:42:11"
"7919624416,Unknown,2024-12-22 13:48:16"
"2124814736,GeroGera69,2024-12-22 14:50:56"
"636593774,baadaboomm,2024-12-22 15:48:09"
"1694384618,JBMoney12,2024-12-22 17:23:52"
"1517180076,megajona,2024-12-22 17:35:08"
"5226105245,noobtrader00,2024-12-22 18:16:14"
"7267217711,Pixiedrake,2024-12-22 18:29:52"
"1346523235,skeetfn,2024-12-22 18:54:39"
"1190483820,MetaBuilder112,2024-12-22 19:03:37"
"1948392067,Cryptosabel,2024-12-22 20:11:30"
"7542718461,FEARZZZNOTHING,2024-12-22 21:50:35"
"6969904343,Larayourefav,2024-12-23 02:11:45"
"6970934038,laham444,2024-12-23 03:09:27"
"1907964287,Pandapassion,2024-12-23 06:37:40"
"5235311869,DM0775,2024-12-23 11:57:28"
"1883882451,Punkadelic,2024-12-23 14:20:59"
"1993516233,defipro1,2024-12-23 14:35:39"
"6315004659,zeeled,2024-12-23 15:20:35"
"6617970708,kamorfr,2024-12-23 18:42:50"
"173888252,AR12321,2024-12-23 19:06:45"
"5605520297,fw2_contact,2024-12-23 19:40:59"
"6692870011,Naykay35,2024-12-23 22:50:34"
"1154179387,xtrosmart,2024-12-24 01:45:14"
"1621218059,WHOWHATNO,2024-12-24 01:51:28"
"6276592927,wolfblockheroo,2024-12-24 03:49:24"
"5496153567,Unknown,2024-12-24 04:34:38"
"1179791299,Jhon_xx_xx,2024-12-24 05:29:39"
"7663479984,niggerwalt,2024-12-24 09:33:57"
"6662983903,dollarlara,2024-12-24 09:49:57"
"5369587601,Unknown,2024-12-24 13:17:29"
"6159820288,StruckGuide8154,2024-12-24 14:23:43"
"7497682946,Mike_lsol,2024-12-24 23:20:24"
"595839917,alexxvinn,2024-12-24 23:52:01"
"928467950,fluffygoodies,2024-12-25 02:48:09"
"6331271364,nubilisoff,2024-12-25 03:59:24"
"8194289965,Unknown,2024-12-25 05:43:09"
"1236929619,kanglee235,2024-12-25 08:01:37"
"6696885326,Dzonkejdz,2024-12-25 09:44:06"
"8114401242,Mbsautomibole,2024-12-25 11:49:33"
"6128422222,Unknown,2024-12-25 12:37:21"
"6549810839,Makm2871,2024-12-25 12:49:49"
"6158578093,kustomcolor,2024-12-25 13:56:22"
"958083377,kevko0,2024-12-25 14:55:00"
"1659797522,Unknown,2024-12-25 17:04:32"
"6777823280,Unknown,2024-12-25 18:07:37"
"7528882245,memecoins_kingg,2024-12-25 19:19:38"
"7353506275,Unknown,2024-12-25 21:54:32"
"6698777467,theT1T4N0,2024-12-25 21:58:50"
"6385244548,Toxl51,2024-12-25 23:09:06"
"6409627961,Abdulsami78,2024-12-25 23:44:16"
"693879259,Dead_Token,2024-12-26 00:51:34"
"5581776950,Unknown,2024-12-26 03:48:06"
"6855554007,Dec0xi,2024-12-26 12:27:04"
"7126845827,Khalisiqueen,2024-12-26 12:59:40"
"5279120633,Unknown,2024-12-26 17:35:40"
"7847456576,Unknown,2024-12-26 20:10:32"
"1264177892,Tellmoretome,2024-12-26 20:45:56"
"5186423111,moctar33,2024-12-27 11:04:59"
"1807482649,Immortal_Dave,2024-12-27 11:05:04"
"6786356007,Big_Perpetual,2024-12-27 11:05:04"
"976114344,TheboywhonamedOmid,2024-12-27 11:05:05"
"7387768468,momobit123,2024-12-27 11:50:23"
"6131716961,bubbabom,2024-12-28 00:24:54"
"5385450977,Dingus_Coin,2024-12-28 09:07:50"
"6711264290,OmagaSaez,2024-12-28 09:13:26"
"7153006821,amir258rb,2024-12-28 10:32:47"
"6879544126,Unknown,2024-12-28 17:50:39"
"6478201450,Buildingideaa,2024-12-28 19:28:49"
"5435575665,Unknown,2024-12-28 20:04:22"
"5522833475,Christian_Damas,2024-12-28 21:28:53"
"7500158286,RomeoMKT1,2024-12-28 22:56:52"
"5031798218,RektApe007,2024-12-28 23:05:38"
"5269886300,Dexter54321,2024-12-28 23:43:33"
"1326298896,mexxfury,2024-12-29 01:01:42"
"1250277185,JIMK3000,2024-12-29 01:06:36"
"6911205067,Craigeddy0,2024-12-29 01:17:33"
"6574158297,Skyrimcallower1,2024-12-29 01:36:38"
"1520210228,Unknown,2024-12-29 02:31:31"
"6747246876,HeyyArnold,2024-12-29 04:15:01"
"7772826657,Unknown,2024-12-29 05:51:27"
"1637569391,Kladdyyy,2024-12-29 11:23:33"
"6203310237,jackal1798,2024-12-29 12:57:45"
"966595722,isonocap,2024-12-29 13:27:19"
"247566345,abosuLtan6,2024-12-29 13:52:01"
"7662742473,Aaliyan786,2024-12-29 16:17:37"
"6053887632,Micah0110,2024-12-29 17:24:50"
"6941381944,Dughiee,2024-12-29 18:03:34"
"431601364,OoK0NIoO,2024-12-29 20:39:04"
"7009825782,leelanzy,2024-12-29 21:22:13"
"6673160046,Unknown,2024-12-29 21:28:09"
"1488298442,Reefer666,2024-12-29 21:28:11"
"6014557135,lookitsgera,2024-12-29 21:28:14"
"7807565101,kendrickgarza06,2024-12-29 21:29:30"
"8156239973,BullX_Telegram,2024-12-29 23:07:18"
"5152299197,ISSALATTO,2024-12-30 00:09:27"
"393547880,bin_dhahi,2024-12-30 02:31:25"
"1868872912,Jixqqa,2024-12-30 04:20:15"
"1504758017,Strmecki,2024-12-30 06:56:22"
"955616916,picanton27,2024-12-30 12:47:19"
"7828686818,Goatthegoth,2024-12-30 13:06:41"
"7723182859,Unknown,2024-12-30 13:19:20"
"8197072200,johnpryzm,2024-12-30 13:24:18"
"5774883265,waleline4u,2024-12-30 14:26:13"
"416705815,EN_dron,2024-12-30 16:02:23"
"666850236,tele_gram_user_0,2024-12-30 20:36:25"
"6471071979,m_raheen,2024-12-30 21:24:03"
"7341992709,JitoXai,2024-12-31 00:10:28"
"1250277185,JIMK3000,2024-12-31 00:53:05"
"5605520297,fw2_contact,2024-12-31 01:14:08"
"7192069213,Unknown,2024-12-31 07:53:41"
"1621218059,WHOWHATNO,2024-12-31 07:59:30"
"1190483820,MetaBuilder112,2024-12-31 19:49:16"
"5086495558,Unknown,2024-12-31 19:59:20"
"6815193333,Pebbles40,2024-12-31 22:33:09"
"431601364,OoK0NIoO,2025-01-01 08:24:37"
"884778747,BorizTheBulletDodger,2025-01-01 12:56:07"
"6564312321,Unknown,2025-01-01 18:24:36"
"5611149272,Spartan_Eck,2025-01-01 20:34:16"
"7098699753,Unknown,2025-01-01 21:51:21"
"6528077228,johnsnow257,2025-01-02 03:04:50"
"6708762798,lag_eswar,2025-01-02 07:24:24"
"1042679642,Ricardo_MPG,2025-01-02 11:33:59"
"666850236,tele_gram_user_010,2025-01-02 16:51:26"
"460109811,M_muthu,2025-01-02 17:11:16"
"6484987897,PrePre221,2025-01-02 17:50:43"
"7571921799,Unknown,2025-01-02 18:01:31"
"6906893987,MOjedaDK,2025-01-02 18:28:33"
"1591041610,Cedtrade68,2025-01-02 18:31:15"
"6833430494,Donny050,2025-01-02 18:40:17"
"1414921529,ohhhjesusmarie,2025-01-02 20:09:15"
"1516856942,jjbslacks,2025-01-02 20:47:13"
"1477807953,findingbit,2025-01-02 21:58:57"
"8197072200,johnpryzm,2025-01-02 22:17:00"
"5161740798,Vegeta_calls,2025-01-02 22:42:07"
"6313776012,EthNewsRon,2025-01-02 23:20:46"
"1219431492,BBostonSOL,2025-01-02 23:47:49"
"7139383268,memecoinspumper1,2025-01-03 05:23:50"
"5257609215,UnknownFiend,2025-01-03 05:24:19"
"7040667022,SolsTopShottah,2025-01-03 05:28:47"
"176732851,siddoll,2025-01-03 05:30:34"
"7731738694,meolmelon,2025-01-03 05:33:39"
"864837589,robalt3,2025-01-03 05:34:55"
"5665487917,Unknown,2025-01-03 07:23:34"
"966595722,isonocap,2025-01-03 07:30:31"
"1541311376,Unknown,2025-01-03 09:25:13"
"7746966759,DonPascual888,2025-01-03 09:56:42"
"6657801247,Unknown,2025-01-03 10:36:40"
"7745675121,MoneyWithJr3,2025-01-03 19:20:12"
"30146290,Asyncc,2025-01-03 19:20:56"
"2049296046,Blinks109,2025-01-03 22:15:52"
"338452880,dedeadpool,2025-01-04 00:16:04"
"7559247427,dede55567,2025-01-04 00:32:55"
"6574811587,Unknown,2025-01-04 08:16:52"
"5723327149,ahmetfatiheren,2025-01-04 10:39:25"
"6879544126,Unknown,2025-01-04 13:24:04"
"5345992675,finagIe,2025-01-04 19:26:07"
"5994056916,lgz958,2025-01-04 19:47:32"
"7127021706,Supergary21,2025-01-04 22:25:07"
"1811079723,urfkinsister,2025-01-05 08:33:53"
"2120139073,albi2619,2025-01-05 12:27:18"
"1318241154,khameleon3,2025-01-05 13:55:44"
"6354451743,Unknown,2025-01-05 14:11:25"
"6075660459,Privatechat3378,2025-01-05 18:04:04"
"6719313249,Unknown,2025-01-05 21:01:43"
"426646195,wanpojie,2025-01-05 23:36:19"
"7915778263,grimcrypto,2025-01-06 03:11:59"
"2096449196,yaowsah,2025-01-06 07:02:56"
"968316537,Unknown,2025-01-06 16:19:05"
"6630520551,Ruzikoko,2025-01-06 17:50:03"
"5335182128,Joachim72,2025-01-06 20:47:24"
"1026698270,CreazyOw,2025-01-06 20:55:37"
"7081961351,UthwFap21b1,2025-01-07 02:58:51"
"223317794,MaksimPavlushin,2025-01-07 04:47:44"
"7593331759,carlboris,2025-01-07 11:47:40"
"7575205475,CultivateInnovation,2025-01-07 18:23:24"
"6785583023,mooreal3sr72,2025-01-07 22:10:47"
"1996283312,Unknown,2025-01-07 23:05:16"
"5402614861,ynfworld,2025-01-08 02:27:03"
"919603196,wotsaaa,2025-01-08 06:15:34"
"5757299443,giovanniJesi,2025-01-08 11:34:42"
"7882673864,Thet86z,2025-01-08 11:42:38"
"5037337800,Imchauhan_ji,2025-01-08 12:50:49"
"5659534309,azazitg,2025-01-08 22:31:10"
"7396774776,Miguelmadriz44,2025-01-09 00:50:37"
"1555884011,whales1414,2025-01-09 00:58:35"
"6274144107,luux_mohamed,2025-01-09 01:07:48"
"1888345638,jins4k4i,2025-01-09 07:30:58"
"6512242386,srab761,2025-01-09 13:33:22"
"2059103747,FlipForDust,2025-01-09 14:06:45"
"6693301430,Unknown,2025-01-09 16:43:01"
"7790181721,Ebahingayi,2025-01-09 17:14:17"
"6626221142,Unknown,2025-01-09 17:45:13"
"6459529978,vanderplan,2025-01-09 17:57:24"
"7828686818,Goatthegoth,2025-01-09 19:33:58"
"611377976,Stam_W3,2025-01-09 21:11:58"
"7665618284,Rekster333,2025-01-09 23:23:55"
"1870480417,cryptozona23,2025-01-10 02:13:57"
"5645414434,coolking6,2025-01-10 13:45:49"
"5208408859,Lypheal,2025-01-10 14:28:37"
"6888810766,Yaboy_trunks1321,2025-01-10 14:31:08"
"8192278528,teliogram33,2025-01-10 18:21:54"
"451057694,hossienmow,2025-01-11 21:54:45"
"1935766273,salvo22222,2025-01-11 21:55:15"
"825900495,Ppramudy,2025-01-12 00:01:33"
"542547962,amirkashani74,2025-01-12 03:51:59"
"6795652100,daniman074,2025-01-12 11:25:51"
"771437699,Kian134,2025-01-12 11:28:03"
"6451491172,kor_lor_e_h,2025-01-12 11:36:45"
"1677205698,Unknown,2025-01-12 11:37:46"
"7478347717,hedgemonger,2025-01-12 15:22:16"
"7000354880,romanholiday13,2025-01-12 16:44:38"
"7565816887,Abaddollyon,2025-01-12 18:23:54"
"7890797110,findermmcs,2025-01-12 18:29:58"
"7471547637,Unknown,2025-01-12 18:45:47"
"239844575,ArtSarkisian,2025-01-12 22:15:33"
"1934564311,Nbb123455,2025-01-13 10:14:33"
"5098932843,ghost_rid3r26,2025-01-13 11:30:03"
"260009045,AK_amiriyan,2025-01-13 11:37:06"
"2049777038,OwnTheDireNight,2025-01-13 12:59:57"
"6369750066,mrtota00,2025-01-13 13:08:26"
"7128427468,Unknown,2025-01-13 15:50:10"
"1405271742,Milan_Mrkva,2025-01-13 17:19:16"
"2090410137,ma_za193,2025-01-13 17:43:41"
"7998248893,shillgem_guy,2025-01-13 18:17:43"
"1181566831,admediasup,2025-01-13 18:28:07"
"1154143465,eyetrack,2025-01-13 18:52:26"
"7192534168,Nashoba33,2025-01-14 00:03:38"
"593240287,Unstoppable_JJ,2025-01-14 01:10:43"
"5500570103,amaroney,2025-01-14 04:05:45"
"6675371946,Unknown,2025-01-14 15:39:09"
"5668125917,A125900,2025-01-14 21:57:57"
"458309027,GotItRightThisTime,2025-01-15 17:41:00"
"6845515974,Usmanqq1,2025-01-15 18:22:20"
"1983594170,C0XNO,2025-01-16 13:32:03"
"6778090785,FauzanEvy,2025-01-16 16:16:24"
"6859766918,zesheth,2025-01-16 19:27:10"
"1457074978,mkrz99,2025-01-16 20:46:37"
"7387768468,momobit123,2025-01-17 12:39:00"
"7025997869,adamsand,2025-01-17 12:39:01"
"1154179387,xtrosmart,2025-01-17 22:35:27"
"1997980748,Lover1939,2025-01-18 08:07:12"
"5717326796,SUPERPROMOTERR,2025-01-18 13:32:39"
"6059081335,Unknown,2025-01-18 16:16:14"
"6159820288,StruckGuide8154,2025-01-18 17:12:33"
"6428768652,alphawhales01,2025-01-18 19:20:20"
"941199276,dqssss,2025-01-18 19:56:40"
"7221291337,NuraTmkaura,2025-01-18 20:06:26"
"7686531227,SoftwareDev1738,2025-01-18 21:11:12"
"5354276142,Yellow_Snow_007,2025-01-18 21:55:58"
"291662815,karabulut_smt,2025-01-18 22:30:08"
"6372773906,Dio_637,2025-01-18 23:46:45"
"1746250024,Unknown,2025-01-19 02:17:16"
"7212527367,BlackRab369,2025-01-19 02:44:14"
"5603247321,S928Q,2025-01-19 03:50:28"
"5439245672,cryptwallstreetcallss,2025-01-19 04:03:50"
"6073212149,PhuVy,2025-01-19 04:19:21"
"7547430644,Jordanthefly,2025-01-23 13:49:48"
"6878286015,IamEmerm,2025-01-23 14:00:27"
"1279663356,Clade888,2025-01-23 14:23:45"
"1462369980,s28decentralized,25-01-23 22:22:22"
7547430644,Jordanthefly,2025-01-23 15:03:33
5958714202,Usenamec,2025-01-23 19:04:43
259909408,mthomas1985,2025-01-23 21:17:07
647988457,Sanam1397,2025-01-23 22:24:28
7418209013,cardreaper,2025-01-23 22:45:43
7980177791,jackedandtan87,2025-01-23 23:19:29
7584203415,Scalipse,2025-01-23 23:30:13
1094159182,Crypto_mahonii,2025-01-23 23:40:27
789156333,Michaelcasel9,2025-01-24 11:42:29
6891153210,JackyWangg,2025-01-24 11:42:29
7646608198,Jack,2025-01-24 11:42:29
7065528683,bluesinz,2025-01-24 11:42:29
6109842687,SautuBilal,2025-01-24 11:42:29
5745101762,dertyp999000,2025-01-24 11:42:29
827324156,codee21,2025-01-24 11:42:29
7274014705,patriive,2025-01-24 11:42:29
1684979519,Amit1603349,2025-01-24 11:42:29
7635149853,Mrxxhere,2025-01-24 11:42:29
583822317,UltimaWar,2025-01-24 11:42:29
1462369980,s28decentralized,2025-01-24 11:42:29
363104330,hokus7,2025-01-24 11:42:29
310071061,mmdoseh,2025-01-24 11:42:29
1635810851,c9580,2025-01-24 11:42:29
426310896,Tasiu37,2025-01-24 11:42:29
595839917,alexxvinn,2025-01-24 11:42:29
5390584670,Madjid,2025-01-24 11:42:29
978625466,IDoIt4ALiving,2025-01-24 11:42:29
5537651609,Sanjit,2025-01-24 11:42:29
7140115193,Baronsmiles002,2025-01-24 11:42:29
6915936629,Trumpsofficiall,2025-01-24 11:42:29
5393695674,CryptoBell0,2025-01-24 11:42:29
1949836264,skybucksboy,2025-01-24 11:42:29
931022633,zackbaharum,2025-01-24 11:42:29
1780810427,FendiCryptologi,2025-01-24 11:42:29
1138015784,llausdeo,2025-01-24 11:42:29
2047082463,CO,2025-01-24 11:42:29
1944531910,WhoopWho,2025-01-24 11:42:29
7686531227,SoftwareDev1738,2025-01-24 11:42:29
1058833392,dobrozloRap,2025-01-24 11:42:29
7823490107,AnnieBananiee,2025-01-24 11:42:29
7241977064,morhengrt,2025-01-24 11:42:29
5847009152,Nylez85,2025-01-24 11:42:29
1391928444,bisbaik,2025-01-24 11:42:29
5135754228,yizhiqingwa,2025-01-24 11:42:29
7946234743,Blitzou,2025-01-24 11:42:29
5255753735,Bill,2025-01-24 11:42:29
869946859,SuhailAhmadLone,2025-01-24 11:42:29
5263460826,mahmutnurettins,2025-01-24 11:42:29
351094512,thehorizoner,2025-01-24 11:42:29
1239128550,Raj,2025-01-24 11:42:29
5804450621,primeerrr1,2025-01-24 11:42:29
140393845,Enezz,,
7979331339,goongod69,,
6814066270,imrangy001,,
6732924585,moan_mone,,
6734874782,Mayson2020,,
404587021,st3ditwister,,
5858919917,Abdullah2286,,
7317087338,VikasVig19,,
714811430,LFG_Hi,,
7964273955,MoneyKiIIer,,
1172727072,meromero23,,
6215758547,,,
5454888016,Notreal235,,
8016198877,,,
7744693908,Sway1978,,
7148494496,Favourite1350,,
6024740881,ilovehersol,,
629606128,Jaolarm,,
7760879065,Karin1412Z,,
7876870573,tincan0_0,,
974243868,alinerenner,,
941927168,Ok_usa1,,
806028910,zl14n,,
6956951342,SaqibAnmool,,
7202242020,ebkaitech,,
1943528392,IamJohnWick01,,
639876315,maGster2k,,
6327722775,,,
5187172110,MichaelJanssen2507,,
1947867538,,,
7162543093,Bernie_Gemini,,
1247999910,,,
385222680,Jendralcrypto45,,
7512747237,tpcryptholio,,
1872536465,BelfortsSender,,
6492610388,Elfikri0001,,
5069052987,,,
7835498021,,,
410250348,redfly111,,
5716696190,vasileioskarvelis,,
7102569372,warpeddc,,
7076248258,sadamadam5,,
6407634163,adil2229,,
6396597217,,,
793910190,toyou888,,
7388759825,reflex774,,
